{
  "translation": [
    0.896359,
    -0.558836,
    0.532884
  ],
  "quaternion": [
    0.841755,
    0.362692,
    -0.117135,
    -0.382337
  ]
}