{
  "translation": [
    0.948026,
    0.501282,
    0.493286
  ],
  "quaternion": [
    0.357508,
    0.841146,
    -0.370672,
    -0.165119
  ]
}